text;label
O problema é que no nosso país esta escumalha não vai presa e muitas vezes depois da queixa a violência é maior. As vitimas têm medo de se queixar e sofrer consequências porque eles continuam à solta. Falo por experiência própria. Sofri 7 anos de violência doméstica e nunca ninguém fez nada;0
Metes nojo ja sei que és rica,não precisas de estar sempre a dizer que o és.;1
Nada faz sentido mesmo, está tudo ao contrário, tudo maluco.;0
É um doente. Tinha que ser enjaulado.;1
Cristina Ferreira é falsa, mas esperta . Muito esperta. O seu sorriso €é escandalosamente falso e forcado. Tem se aproveitado da ingenuidade dos seus convidados e colegas de trabalho para se transformar numa diva que nao 6. Tem se aproveitado da fragilidade das televisdes em portugal, para lhes sacar milhdes , sem do nem piedade . Primeiro quando ainda estava na TVI simulou que estava a ser sondada pela sic e com essa chantagem barata obrigou a TVI a encher lhe os bolsos de dinheiro. Depois quando a sic estava desesperada na luta pelas audiéncias, fez lhe uma proposta milionaria que a CF (Cristina falsa ) , nao recusou, vendendo a sua alma ao diabo. Agora passados 2 anos , sé volta a TV! porque a TVI , mesmo falida , Ihe ofereceu quase 3 vezes mais do que estava a ganhar na sic. Cristina Ferreira é “peseteira” - expressao sobejamente conhecida pelos espanhdis e que chamaram a Luis Figo ha uns anos quando este se vendeu em Espanha e assinou por 2 clubes ao mesmo tempo.  Mas tenho um consolo que é : neste mundo podre e falso da televisdo tudo é efemure , tudo se acaba rapido . Daqui a 15 anos ninguém se lembrara desta falsa. Vejam 0 caso de Carlos Cruz, de Herman Jose, etc . O senhor televisio em  Portugal s6 ha um : Julio Isidro. A Cristina Ferreira nunca sera a senhora televisao , porque Ihe falta autenticidade e sobretudo porque Ihe falta verdade;1
Olha a ordinária cheia de maquilhagem, nao há quem te ature vai para a feira;1
Depois quem é amigo de gajos deste tipo ? ;0
Tens que fazer participação à polícia;0
Só se for da Desonestidade! Independentemente de poder mudar de empresa, 0 que esta mulherzinha fez foi mostrar aos seguidores cegos no que realmente ela se tornou. Uma pessoa que literalmente esqueceu e cuspiu na cara daqueles que lhe deram tudo, TUDO, para que ela conseguisse concretizar um tal sonho que ela dizia que ja queria concretizar ha muito tempo mas que a TVI nao lhe tinha dado essa hipdtese. Na TVI, 0 seu sonho estava arrumado numa gavetinha bem la no fundo. . . Conseguiu convencer a SIC, na pessoa do Daniel Oliveira, e foi assim que se mudou de malas e bagagens protagonizando até algumas cenas bem exageradas (choros, entrevistas e fotos na sua revista) para conseguir que o seu pUblico entendesse a razao da sua mudanga. Alias, @ caracteristica dela protagonizar cenas lamechas para ve se convence o pessoal... só 0 facto de nem sequer ter informado o publico do seu programa, sim!, SEM PUBLICO ELA não E NADA! SEM PUBLICO ELA não VINGA! Mas a formacomo ela se esqueceu desse publico, a forma como nem se despediu de quem a acompanha tal  como de todos os colegas que a acompanhavam diariamente....s6 isso diz muito desta mulher. Nao pensou em tudo o que Ihe deram para ela estar onde esta. USOU AS PESSOAS NA SIC E NA  PRIMEIRA OPORTUNIDADE DESCARTOU-AS! Esta éa realidade. Ser honesta? Onde esta a honestidade das suas atitudes???? Passar por cima dos outros para atingir os seus fins nao é de pessoa honesta!!!! E tal como um dos diretores da tvi dizia ontem, esta mulher queria mandar, ela tinha de mandar em qualquer coisa, e quando  esse é0 principal objectivo de alguém;1
Ela deve ser punida, e a mãe em tentar colocar a verdadeira vítima como culpado, também merece ser punida. E a escola também, porque lá sabiam que isso já estava acontecer.;0
O problema é que esta malta vai presa e sai com bom comportamento passado 2 3 anos.;0
Horrível... Fecha as pernas;1
A pergunta que se impõe é: a miuda não tem Pai? É que tendo esse filho da puta já devia ter tido a sua sentença cumprida.;1
Só bate numa mulher um cobarde que não tem os tomates no sitio para bater num homem a sério. Se ela fosse minha irmã já estavas a comer a palhinha e sou mulher, delinquente parasita da sociedade. Abençoado do homem que te apanhar e te arrebentar com a tromba toda e deixar-te caído na valeta.;1
Puta sem principios;1
E as pessoas sai do Aleixo e vão para onde?;0
Lixo de gaja;1
Nojo! Que nojo de gente;1
altamente chocante este video... mais ainda um pai que mata um filho quanto tantos outros choraram porque os perderam... vida estranha e cruel esta;0
Sou da cintura para cima, porque para baixo esta gorda!;1
Porca;1
Falas muito mas nem mostras quem és.;0
Faisca??? Mas quem faz fafsca? A Parola nao faz faisca a nenhum homem com bom gosto e inteligente. Eo Ruben ha muito que quer um programa para ele. Esta somente a dar GRAXA ó parola para assim o programa aparecer, Visionem isto que escrevi e mais tarde vao comprovar quem tém razao. Alguma vez o Rubem Rua queria a parola das couves para namorada? Por favor sejam inteligentes!!!;1
E a sociedade que temos meu amigo, onde se preocupam com os animais, mas há gente a dormir na rua e a passar fome.( atenção que adoro animais e acho bem que se protejam também), onde se alguém rouba um pão para comer vai preso,e quem rouba milhões vai de ferias, onde tudo agora é xenofobia, e racismo, ou seja a sociedade tá hipócrita;0
Tens toda a razão  só  coisas que não se compreende;0
Um dia, a situação vai ser de tal forma, que as pessoas vão regressar à época em que a justiça era feita pelo povo.;0
No tempo de Jesus, Judas vendeu-se por 30 dinheiros, hoje a cambio para 9 euros é mais alto...;1
Não tem quem lhe foda as trombas ?;1
Ela já lhe batia e ele nunca fez queixa Se a vitima, o João, se sente oprimido e com medo da agressora Jéssica, é óbvio que ele tem enorme medo de fazer queixa com medo de ser ainda mais agredido, que é o pensamento de medo que todas as vitimas de bullying tem. ;0
Isso é que amor aos projetos, so durou dois anos, tipo amor de verdo &} 6} &) Ser fiel a quem te deu a oportunidade de fazeres o que querias (dizias tu), é algo que te escapa Cristina, isto é feio, demonstra a mulher gananciosa que és, enganas-te muita gente. ;1
Otário filho da puta;1
dignidade e nao indecentemente,escandalosamente,despudoradamente! dignidade da pessoa esta na forma como se veste, esta a perceber! Espero que doravante se apresente nos ecras com mais decencial!! Obrigadoll!;1
Basta ver o exemplo da França, Alemanha, Suécia e os problemas existentes derivados da excessiva imigração africana e muçulmana. ;0
Uma vaca de ordenha da menos leite que esta.;1
Não há mais fotos do gajo? Informações de perfis de redes sociais? Onde mora?;0
Da nojo com tantas fotos que pé no feicebuque nunca ela pos tantas para se mostrar;1
Verdade, a câmara e toda a gente se queixa do bairro do Aleixo, mas não fazem nada para mudar, só querem mandar toda a gente embora e não pensam no sofrimento das pessoas que cresceram e vivem lá. O bairro ainda tinha solução, mas vieram dar a desculpa de que os prédios estavam degradados e já nao iam ao sitio nem com obras. parece que estavam á espera de arranjar motivos para o demolir, eles querem é dinheiro;0
ser moderador é preciso sacrificar algum do seu tempo para ajudar o streamer em questão.;0
Não passa de uma Peixeira porca de lingua;1
O mundo está ao contrário!! ;0
Só lamento que não tenha encontrado uma que á primeira não lhe tenha logo acertado o passo, aqui quem procura encontra. Mulheres sejam independentes, cuidem da vossa auto estima e priorizem-se… sempre !;0
Troca de canal como quem troca de cuecas ,Ups nao deve usar cuecas.;1
Mesmo já nada faz sentido .;0
Aonde o filho da puta mora, alguém me dá a direção.;1
Mulheres bonitas sao perigosas....os homens fogem para evitarem de serem cornudos;1
Se estivesse a dever 500 euros á Segurança Social ou ao Fisco ja estava preso.;0
Tempos difíceis que estamos a passar para não dizer de loucos!!! O que se passa com as pessoas?!! Confesso que não percebo.;0
Será que ninguém lhe acerta o passo!;1
Mas dizem que são nativos minhotos .  Os minhotos são bons católicos, por isso  são inocentes.;0
Sendo um crime público o ministério público não precisa de apresentação de queixa, bastar-se-a pelas provas, neste caso mais do que evidentes.;0
Inés quando Uma verdadeira desilusão!! Afinal a Cristina não é diferente de ninguém e é apenas o dinheiro que a move. Um  público que a seguia e que torcia por si nem sequer tem direito a um Adeus da sua parte. Muito triste. Calculo que ja estejam a mexer os cordelinhos para que no proximo programa da Tvi, possa receber em directo mais uma chamadinha do Marcelo Lol.  Asério, Cristina só revelou falta de caracter e ficou mesmo mal na fotografia, mas enfim....mercenarios é que mais ha neste pais!;1
Se andar a bater a bater em crianças é uma brincadeira para ti, então meu deus, não é só a tua filha que precisa de levar umas valentes chapadas.;1
Olha muda de sexo! Es tudo previsível!;1
O dinheiro compra tudo.;1
Eu por ter publicado a maminha de uma senhora da política...levo 30 dias.;0
se eu acreditasse em karma - sorte e azar desejar-te-ia qualquer coisa a condizer com os maus instintos que existem ai.;1
É a miseravel Justiça que existe em Portugal.;0
Entreguem-no á familia e que façam justiça a esse  animal....;1
Que foda te dava... Comia te toda;1
Polícia Segurança Pública identificar e notificar a PSP para este facto é um princípio !;0
Esse artista, devia de levar no focinho, era de uma mulher mesmo, já que ele é tão valente e machista,  eu conheço algumas que têm capacidade para isso. Fiquei chocado com tamanha falta de humanidade e respeito pelo próximo,  incrível mesmo, o mundo está de pernas para o ar mesmo.;1
A violência doméstica foi tornada um crime público justamente porque a maioria das vítimas não seguia/apresentava queixa por medo das represálias ou porque acreditava é desta que o agressor vai mudar. ;0
Essa cabega é só dinheiro, gananciosa! Uma tipa que sé grita, como é possivel?;1
Já repararam que a Cristina é um tédio e um histerismo hilariante a apresentar um programa sozinha?! Usou o Goucha, o Claudio, o marido da Rita Ferro Rodrigues e agora quer usar o Pedro Teixeira! Não deixa ninguém brilhar! É fria, calculista, materialista e vingativa!;1
Ela não precisava de ser minha  filha/irmã/neta/prima etc para eu lhe arrebentar a boca toda. Maior sova lhe dava se ELE fosse meu filho/neto/irmão/primo etc. Garanto.;1
Em breve é apresentado em tribunal e o juiz solta-o… República das bananas…;0
Porquê é que a jovem o permite?!;0
Mas essa necessidade constante de ser gabada chamada de linda a necessidade de se mostrar de dizer que é boa e conseguiu isto e aquilo sei la parece caréncia esta mulher tem tudo o que o dinheiro pode comprar mas e o que nao se compra? sera que ela tem?as vezes eu acho que a felicidade que ela apregoa € so2uma mascara talvez nao seja tao feliz assim;1
Rabolha pimbalhona saloia;1
Isso era fazer o mesmo a esse filho da puta, se fosse filha minha ou familiar, fazia um vídeo a partir-lhe as mãos com um martelo Grande filho da puta.;1
NESTE PAIS REINA O CULTO DA PERSONALIDADE, AS PESSOAS ADORAM E GOSTAM TANTO OU MAIS ESTE TIPO DE GENTE DO QUE OS SEUS FAMILIARES.. ESTA CRISTINA FERREIRA NUNCA MOSTROU NADAA NAO SER GRITAR. VAI RECEBER MILHOES SEM SEQUER SABER PROVAVELMENTE A TABUADA OU ALGO PARECIDO. AS PESSOAS DIZEM AS MAIORES BARBARIDADES PARA DEFENDEREM ESTAS PESSOAS NEM SEQUER AS CONHECEM, E DEPOIS ADMIRAM-SE DE ELAS NAO SE DESPEDIREM. EU JA REPAREI! QUE ESTA CRISTINA FALA DE PESSOAS QUE NAO TEM RECURSOS E FINGE-SE EMOCIONAR, SO FALSIDADE PORQUE ENTAO DEVIA GRITAR CONTRA AA SUA TRANFERENCIA MILIONARIA E ILEGAL UMA VEZ QUE QUEBRA UM CONTRATO. ISTO E UMAAFRONTA AOS PORTUGUESES MUITOS TRABALLHARAM NO DURO E TRABALHAM E TEM REFORMAS MISERAVEIS DE 300€ OUTROS ORDENADOS DE 600 €. ESTA MULHER ESTA PURAE SIMPLES BORRIFANDO PARA ISSO. E ESTES BAJULADORES NAO QUEREM TAMBEM VER ISTO. DA-ME VOMITOS TODAS ESTAS PESSOAS QUE NAO AA CONHECEM MAS DEFENDEM- NA COM UNHAS E DENTES. TUDO ISTO E DEMASIADO TRISTE. CHEGAA SER OBSCENO. DETESTO MESMO ESTA CRISTINA FERREIRA RIR-SE DE TODOS OS PORTUGUESES E  INFELIZMENTE BASTANTES, SEREM GOZADOS DESTA MANEIRA E AINDA VEM PARAAQUI DAR-LHE APOIO! A QUEM PRECISA NAO DAO ELES APOIO. ELA NAO QUER SABER DE VOCES SO QUER SER LEADER DE AUDIENCIAS PARA PODRECER DE DINHEIRO A CUSTA DE QUEM ALIMENTA ISTO! POR INCRIVEL QUE PARECAATE 0 1° MINISTRO E PR ALIMENTARAM ESTA MULHER. UM DIA E CAPAZ DE DAR NOME A UM MERCADO ABATECEDOR! ERA GIRO, QUE TAL: MERCADO ABASTECEDO CRISTINA FERREIRA 2669-909 MALVEIRA.;1
infelizmente é a realidade actual ..;0
é um psicopata ;1
Fiz a mesma pergunta. Como deixam este vídeo circular, nem me atrevo a abri-lo, não consigo. Espero que tenha o que merece.;0
Cristina foi uma espia na SIC bem falsa;1
Esta saloia não vale nada.;1
Peixeira, vigarista enganadora, vendida;1
Será que a PSP tem vendas nos olhos?;0
Me desculpa mas nesta foto parece ter uns 70 anos...de repente até me  pareceu a Lili Canegas.;1
Com uma fulana a gritar dessa maneira... Com modos de peixeira... Penso que exagera... Claro que os homens pensam duas vezes... Tém uma personalidade inconstante.;1
Isto é deficiência mental grave. Alguém vá atrás dele e que pague com cadeia, ou de outra forma, temos de proteger as pessoas deste género de aberrações.;1
Hoje e dia de feira na Malveira la é que fazes falta a gritar.;1
Já me apareceu um camelo assim, mas parou quando ia tratar dele e foi se embora com desculpas.;0
que nem dos telespectadores que a seguiam e lhe davam audiéncias para pagar o exorbitante salario que exigiu a SIC, se despediu, mostrando-se cinica e fingida dando o golpe tanto a tvi para baixar as accdes e depois investindo, como a sic cuspindo no prato onde disse ser feliz e realizada  Falsa e sem escripulos  So ganancia... se era para ser assim deixa-se estar 2 anos sem trabalhar que ainda devia ter dinheiro para se sustentar e nao dava  golpe do bau.;1
Há 40 de pernas abertas;1
Que tristeza,tudo o que acham ser violência sobre animais tapam,mas neste caso devia denunciar;0
A menina não tem pai? Se tem precisa de ajuda pode pedir que muitos vão  oferecer-se para ajudar!;0
Puta que os pariu, para o inferno e o raio que os parta.;1
Esta senhora foi mais espera que a TVI ou a SIC,  ora vejamos, sai da SIC afunda a TVI, as accdes caiem a pique, arranja um testa de ferro que compre as accdes, quando chega a hora, estou aqui e também sou dona disto, agora aturem-mel... Passou a pema a todos e ninguém percebeu... ;1
As penas também têm de ser revistas. ;0
Visto vivermos num país que tudo está virado do avesso, onde os ratos do poder nada fazem para além de nos roubarem, tenho uma solução. No caso dos maus tratos e abandono dos animais, os sucessivos governos que nada fizeram, tornaram possível o aparecimento do IRA (MIL VÉNIAS PARA ELES), podia-se fazer algo do género para estes casos, mas em vez de rações, vacinas, veterinários, arranjava-se soqueiras, bastões e afins, nos dois casos mantinha-se a castração, só uma ideia.;0
Não sou a favor de video vigilancia em todos os locais, mas sim em locais como este onde bebés que ainda não se sabem queixar aos pais ou defender estão grande parte do seu dia. ;0
Quem tudo quer tudo perde. As pessoas sao tão mas tão gananciosas. E por isso que este pais esta cada vez mais pobre , s6 aumentam os ordenados a quem vai dar duas gaitadas atv. Quem trabalha de sol a sol e com um ordenado miseravel e que nao tem aumentado. E sé chulos a comer os nossos impostos ;1
A justiça que temos em nada protege as vítimas. O que me choca muito são os prestadores que cometem os crimes contra os inocentes e saem impune.;0
Era rapper também?;0
Ainda bem que as redes sociais deixarem partilhar!senão ele continuava a fazer o mesmo. Esse!ñ há nome para lhe chamar, ofendia os animais e eles são dignos...;0
C José QED Que peitos chupados !!!!;1
Mostra as mamas. E a patarreca mostra tambem;1
Há pois él! Agora vale tudo.. por causa dos sonhos. Tenha vergonha. O caracter das pessoas vé se nas suas atitudes.. e nado nas palavras e demonstrou a sua falta de caracter!;1
Haveria de ser minha filha ou minha irmã,meu Deus.;0
Grande nojenta vaidosa frustrada;1
Já nada faz sentido mesmo depois de ver situações destas;0
Os euros falam mais alto. Deve  ganhar mais num més que qualquer mortal toda a sua vidacontributiva.Arre que a mulher nao tem Poiso.Ja nao ia com ela agora com isto tudo... E uma pessoa que navega ao sabor da fama e da caca aos Euros;1
Gostava de ter uma conversa.. quem organiza isso ;0
Porque, infelizmente, as redes sociais vivem da desgraça alheia e não de fotos das  maminhas.;0
O que se pode passar com alguém que bate numa mulher e com essa mulher que deixa que isso aconteça ….;0
Perante isto que acaba de fazer, sé lhe digo isto, é a personificado do beijo de Judas. Deixou de ser alguém que eu seguia, afincadamente. TRAICAO E O QUE ACABA DE FAZER. COM QUEM ENTAO NEGOCIAGOES HA JA ALGUM TEMPO. NUNCA gostei de TRAIDORES. JUDAS E O QUE A SENHORA E, E E UMA MERCENARIA TAMBEM. Devia de ter VERGONHA, tantas pessoas a passarem fome, e vai ganhar 3 milhées de euros anuais. S6 me diz que a falsidade impera em si, pois entrevistou pessoas pobres que mal tém dinheiro pra comer.;1
Este excremento excrotr mecere ir passar umas férias a Custóias. Para ver se recebe lá umas aulas de educação corporal levar um arreio de porrada todos os dias nos Cornos e ser enrabado! Filho da puta;1
Cortem-lhe os tomates ao camelo;1
Os homens fogem dela, porque é manipuladora.Quando era feirante envolveu se com empresério, quando comegouter fama mandou empresario pelo caralho porque ja ganhava mais que ele. Quando ninguém a conhecia o empresario era principe dela, quando comegou aparecer televiséo e ter fama chutou empresario entao era amor ou interesse.;1
Triste sociedade em que vivemos!;0
vestir um vestido de 800€ e dizer “cagalhoto” em directo.. que chiqueza! Mais triste é saber que é disto que o portugués gosta... de futilidade, de manipulagdo, de deselegancia...;1
GANANCIA DO DINHEIRO E MUITA E ELAE FALSAE AS PESSOAS COMO ELA E QUE VIGAM NA VIDA PODE IR PORQUE A MIM não ME INCOMODAGENTE cOMO ELAE 0 QUE A MAIS POR ISSO E QUE 0 MUNDO ESTA COMO ESTA.;1
Eu tambem tenho filhos na escola e tento educar os meus filhos da maneira mais correcta possível mas isso não me garante que quando estão no meio dos amigos não queiram armar em espertos e não cometam o mesmo erro. Eu fiz questão de mostrar o vídeo aos meus filhos como forma de aprendizagem para contar comigo para resolver se um dia forem eles a vítima e as consequências dessas atitudes estupidas que acabam sempre mal. Quem tem filhos não deve julgar a educação dada pelos pais porque um dia podem se ver envolvidos num problema idêntico...;0
Uma coisa é certa. está velha para caraças ! Bota mas é filtro nessa cara.sempre disfarça mais um bocado.. Não quero tar a ser mau..so não gosto dela nem com nem sem tinta na cara ! O sinismo continua la sempre!;1
Sem carater! Fraca! não sabes esperar a tua vez! Precisas de subir a todo o custo, nem que para isso passes por cima dos que te estenderam a mao! NAo tens perfil para fazer televisdo, nem para seres querida nesse meio, porque para se fazer televisdo, radio ou teatro tem de se amar, ter paixdo. Tu tens perfil para vendas, vendas de rua. não ha dinheiro que pague o que os portugueses precisam de ver em suas casas. Fica aqui a tua palavraavorita: "né"!;1
Existem muitos narcisistas perversos encobertos na nossa sociedade a destruírem pessoas, famílias e organizações e a sociedade desconhece. Ainda existe um longo caminho pela frente no que diz respeito a violência doméstica corporativa e emocional.;0
Vivemos num hospício.;0
Esta gaja não vale merda nenhuma.;1
Realmente é difícil de entender ou encontrar uma explicação seja de que índole for para que uma rede social como o Facebook se preocupe com mamilos ou material considerado sensível (moralismos) a ponto de o proibir / censurar e não haver uma denúncia formal a entidades competentes em casos de clara violação da lei, especialmente no tocante a crimes considerados públicos - uma vergonha.;0
Cada vez mais Portugal é um país de terceiro mundo;0
Nada faz sentido hoje em dia, infelizmente!;0
Quando se tem umas mamas novas. tem de se mostrar;1
Nunca gostei de si e sempre a achei uma falsa. Normalmente não me engano;1
Isto só pode ser brincadeira de mal gosto.;0
A justiça em Portugal é vergonhosa.;0
A vaca louca que berra , esta simplesmente horrivel , pirosa , ja se deita Cristina ate pelo cu, inveja de vacas loucas , nao tenho nem dela nem de ninguem , nao e de hoje que a acho horrivel , manipulatora , falsa ....;1
 Falta de coluna vertebral! Ganancia e falsidade!;1
Falando em bom português ,tem os colhoes de bater na namorada e filmar ,mas não os tem para assumir o que fez e decide fugir.;1
Pareces um trator a varrer tudo por onde passas... Ate o feijão-frade tem mais cara do que tu... O que vale é que o karma trata de ti... E vais berrar que nem uma cabra para o monte;1
Como se chega a este ponto? Que educação ou referências teve este tipo quando crescia??;0
Que esses burloes se fodam muito na prisão.;1
Este caramelo devia apanhar um susto e ficar com a cara pior que o que fez à rapariga. Cobarde!;1
Sentido era amarrar esse filho da puta a traseira de um carro e arrastalo até ele não gritar mais. Fácil o próximo iria pensar duas vezes;1
A culpa agora já não é do Costa pois não?;0
So mesmo em Portugal do típico país que roubas milhões e não se passa nada roubas uma galinha para comer e és condenado com uma pena de prisão.. Enfim triste país;0
Peixeira vaquita.;1
Eu sei que um camelo destes precisava, se a miúda fosse da minha família de uma coisa tenho certeza, ele não voltaria a fazer isto a mais ninguém, e mais não digo... ;1
Nada faz sentido há muito tempo!;0
Os ciganos precisam de apoio social!São vítimas da segregação em Portugal.;0
É verdade, covarde, era apanha-lo e dar-lhe uma sova como ele dá à namorada;1
Rui Pinto cometeu um erro, devia ter divulgado os e-mails dos clubes todos.;0
Tem que andar com a rata lubrificada para não criar blor;1
O ciume sexual estimula a xenofobia. Isto pode acontecer a qualquer um ou uma.;0
Está completamente certo.;0
Esta cristina na cama deve ser um cronho, que eu digo-vos uma coisa, avaliar pela pessoa que se vé na tv, na cama deve ser um trambolho..muita fava pouco vinho, vai te cronho,deves pensar que és a última bolacha do pacote, velha caduca.;1
Era apedrejá-lo até ao último suspiro!! ;1
És uma galinha a cantar não fale tanto. A sua maneira de falar inerva.;1
Primeiro escarrapacha onde vai, o que come, onde dorme, etc,etc.. para ja não falar da exposigaéo que a propria faz questao de alimentai .e depois 6 uma grande chatice.;1
Este mundo ja esta corrupto e um heroi como este não pode parar na cadeia. Tens o meu suporte Rui, avança rapaz... divulga TUDO que tens meu filho.;0
"tenho mamas e uma vagina" até parece que isso define uma mulher!! Só pela prosa aqui derramada, nota se bem o seu nível, a sua necessidade de atenção. Ser mulher não é só ter vagina. Os seus pais não lhe ensinaram nada, você não é nada, é um produto foleiro, banal, uma egocêntrica pindérica.;1
Nilton um camelo não tem culpa!!! Um Aborto como este, não merece um nome de um animal !!! Aliás, nem merecia existir!!!;1
Velha de merda so neste pais uma peixeirona vingativa a ganhar o que ganha portugal no seu melhor;1
Ainda bem que não apagou,vai preso e com provas do que fez,depois é enche-lo de porrada e quem sabe ter uns encontros amorosos com uns amigos.;1
Pura maldade! Pior quem  compactua com este animal!;0
Neste país completamente abandalhado já nada me espanta.;0
Maria 6 mulher, vendes tudo, a té a alma ao diabo por dinheiro;1
Ja diz o ditado...podes tirar as pessoas da merda mas nao podes tirar a merda das pessoas.;1
Tal como ja pude ver e ler, so tenho uma palavra, para esta senhora que eu admirava e que a partir de hoje vou deixar de admirar e de assistir. Ela é a personificagao em pessoa do que chamamos 0 beijo de Judas. O Daniel correu atras dela e fez tudo mas tudo para ue ela fosse para a Sic. Agora ela  mostrou a sua verdadeira cara, ao trair a Sic e as pessoas queapostaram tudo mas tudo nela. Ela ajudou efectivamente a alavancar as audiências da SIC e agora vem com a conversa de colocar a TVI no  adjectivo que lhe atribuo. E por isso que eu digo que a TV é so gente podre. ;1
Puta cabra de merda tu nem um homem consegues arranjar para te foder a cona. Puta cabra de merda.;1
Garanto que não volta a bater em mulher alguma... Vá não custa nada. Passem lá o nome do bicho. A malta trata do resto.;1
Calma, segundo o Cabrita vivemos no País mais seguro do mundo.;0
Esses não são condenados esta tudo bem!!!;0
És muito animal;1
Ordinária;1
Oferecida.;1
Ver videos de gatinhos só faz rir e é bom para a saúde.;0
Numa situação destas não sei se gritaria ou não, porque teria medo que caso oferecesse resistência, eles fizessem-me mal.;0
Não é camelo, é filho da puta mesmo cabrao;1
Este excremento escroto merece ir passar umas férias a Custóias. Para ver se recebe lá umas aulas de educação corporal levar um arreio de porrada todos os dias nos Cornos e ser enrabado! Filho da puta;1
O sonho de casar na igreja não se concretizou..... és uma puta.;1
Gajos que batem em mulheres ...;0
Pareces uma daquelas que trabalham na estrada;1
Vais pra praia mostrar o pito;1
Se políticos corruptos e criminosos não são condenados, porque haveria de ser o rapaz (camelo)?;0
Então as mulheres espanholas fazem muito assédio sexual e são conhecidas por isso. Vamos continuar com esta mistura de puritanismo sexual ciumento misturado com ódio aos homens. Ou vamos lutar pela velha liberdade sexual e pela velha liberdade de expressão?;0
Epa mas quem é que quer saber desta azeiteira? Cara de bimba essa € que ninguém lhe tira;1
Viva a multicultura da Índia! A do putedo, ai desculpe, brasil, não é melhor...;1
Era apedrejá-lo até ao último suspiro !! ;1
Nunca pensei que, a Cristina fosse tao materialista e tao sedenta de poder, até porque quando mudou para a SIC disse que nado foi pelo dinheiro.(balelas);1
Xula;1
Odinheiro esta sempre em primeiro lugar € pena pois a Sic deu Ihe o projeto ela usou e gostou e deitou fora Lamentavel como ensina desta forma ao filho que o dinheiro é mais importante. ;1
Sendo duas pessoas do mesmo tom de pele, a coisa demora a resolver.;0
Mudar mas não estragar a vida dos outros! Assim mostrou o que é verdade! Nem vale a pena vir com conversa para manipular o telespetador porque ja vimos como funciona! Saiu da Tvi pq nao deixavam fazer o que queria vai para a Sic sai pela mesma raz&o e coitadinha diz que é para salvar a casa que Ihe deu améao a Tvi, muitz conversa sO para parvos € que nao véem que o que falamzis alto é dinheiro e poder! Força Cristina mostrou o que étirou a mascara! ;1
Não ofenda o animal, porque o animal não faz muito menos filma.;0
Escreves muito mas não mostras quem és.;0
És um génio, o povo está contigo.;0
É o caminhar para o abismo( de várias maneiras);0
O fim do mundo ja chegou. O pior do homem esta ca fora já não á volta a dar.;0
E se calhar teve muitas visualizações... Chamar-lhe camelo é ser simpático;0
Plenamente de acordo Nilton. Não têm política nenhuma para além da ditadura que exercem ao punir as pessoas sem que tenham direito a resposta em sua defesa.;0
Muita coisa vai ter de mudar em Portugal relativamente a isto.;0
Mas se não fosse a divulgação, não teriamos conhecimento destas aberrações, que deverão levar este sujeito a ser castigado.;0
Há pessoas que dao dé... pena, nao ha dinheiro e poder que Ihes valha, tanta necessidade de "demonstracões", quando se nasce brejeira...nem carregada de ouro se Sai dessa pele;1
Quando colocarem a obrigatoriedade de registo nas redes sociais, telemóvel etc com o cartão de cidadão, antigamente nos telefones fixos era assim e não havia os problemas que existe hoje;0
A judas da malveira esta cada vez mais feia. Livra, parece uma osga.;1
Porque não identificam o menino?;0
Gostava de ti mas agora acho que estas vaidosa de mais e com nariz impinado.;1
E a polícia não fez nada?;0
Em relação ao vídeo é simplesmente o resultado da perda de valores familiares,  sociais que temos vindo a perder paulatinamente.;0
Onde um país consegue chegar... É um sentimento de impunidade brutal. Infelizmente a própria polícia, vê-se tanta vez travada por burocracias...;0
Ela subiu na vida usando o pulso a boca e a lingua e outras partes do corpo para alcançar os seus objectivos sem olhar a fins lucrativos.;1
Agora que a Espanha aprovou a lei do não é não e agravou ainda mais a lei do assedio sexual.Homem não tenhas vergonha de ires à policia dizer que foste vitima de assedio ou violencia domestica.;0
Quanto não dava para esse camelo ser meu vizinho ate porque aliviava.lhe o stress sou cada vez mais a favor das mulheres treinarem uma arte marcial acreditem da muito resultado pensem nisso.;1
A este animal era encher de marretadas nas mãos e nos joelhos…;1
Injusto o Rui Pinto estar preso enquanto há pedófilos a solta vergonha leis de merda.;0
Paulo quando Este tipo de pessoas gozam com quem ganha pouco. Ganhava um milhao de euros por ano e achava pouco. Quem merecia ganhar assim eram pessoas que salvam vidas. A gente que faz coisas Uteis para a sociedade e nao ganham isso em dez anos ;1
Como mãe, só tinhas um objectivo, era pedires desculpas públicas, dizeres que a tua filha esteve mal e não fazer dela a maior vitima da história.;0
Entreguem-no á família e que façam justiça a esse animal....;1
Os malucos andam à solta.;0
Quando aceitarmos situações destas acabou! Quando acharmos normais, acabou! Não podemos aceitar nem achar normal! Haja justiça, a vítima precisa de justiça. Inqualificável ;0
Não interessa pisar colegas da TVI e terem de ser despedidas depois de fazerem parte da estacdo e serem muito boas nos seus papeis? Onde as pessoas chegam para atingir os seus desejos . ATVI ficou desvalorizada com tudo o que se passou na "sombra " com a Senhora que ganha com os seus quereres mesmo pisando todos. A TVI traiu o pessoal da casa e 0 publico que para o futuro deixara de ver este canal! Ela ira “arrumar” a casa a Sua maneira e mandar a vontade e aos gritos. Felicidade para quem esta ai a trabalhar.;1
És um verdadeiro Monstro Covarde;1
Ando na faculdade e para ajudar nas propinas faço isto.;0
Isto não é normal. O mundo está doido, as pessoas estão loucas. Não me reconheço a viver numa sociedade como esta. Por isso me isolo cada vez mais.;0
O excesso de Photoshop na cara é estrondoso;1
Serei eu fascista por apoiar André Ventura na defesa da castração química ou prisão perpétua para este género de pessoas? Para onde caminha esta sociedade...;0
Tanto querem fazer para dar nas vistas que ficam parecem espantalhos;1
Grande camelo mesmo, desumano!!;1
Pena máxima pra esse gajo já....;0
Também compete a vos, figuras públicas, lutar contra este estado de coisas, aqueles que são sérios!!!;0
Percebo a tua indignação, mas pensa, se isto não for mostrado, muitas destas bestas vão continuar a faze-lo sem serem julgados...sim por isto é um caso de polícia. Estes anormais;0
Catia quando Vergonha e desilusdo de a ter acompanhado sempre...Amor a casa méel!! Amor pelo dinheiro, isso sim...Que ganancia desmedida...estou de boca aberta desde ontem...nunca pensei...desilusao total...;1
Sentido era amarrar esse filho da puta a traseira de um carro e arrasta lo até ele não gritar mais. Fácil o próximo iria pensar duas vezes;1
Mete gelo na GRETA.;1
Já política do facebook ou meta permite publicações de coisas violentas ou que incintem violência como armas, imagens de guerra etc. Mas nudez natural ou artística já é problemático. Os seios de um homem pode ser, mas de uma mulher já não. E animais ou insectos nus ou até apanhados no acto também se pode... e não é obcesno??;0
Grandessimo cabrao;1
Tudo em demasia faz mal ou enjoa. Um meio termo seria o ideal.;1
Subscrevo. Que falta de valores neste mundo!;0
Ordenado de 1000 € a esta mulher é muito, ha quem ganhe muito menos de 1000 € e seja muito mais ético e profissional que esta ordinaria CF. só O RISO DELA é IRRITANTE.;1
Mostrou o que vale como ser humano....ZERO III! Sem palavra,ndo respeita contratos, hipócrita e vai ganhar milhdes a custa do povinho. Cá se fazem e cá se pagam ! Como mulher de honra e palavra VALE ZERO;1
Se fosses gritar para uma ilha deserta os nossos ouvidos agradeciam.;1
Espero que pelo menos uma vez, a justiça portuguesa tenha mão pesada neste processo.;0
O Facebook só apaga vídeos e comentários de malta que diz mal das vacinas covid;0
Palhaços voltem para a Bulgária.;1
Como não foi feita uma política de extermínio até meados do século XIX ou XX, temos de lidar com isso .. Ou quando fizeram, os heróis dos EUA, UK e URSS boicotaram a limpeza.Esse povo nunca terá remédio.;1
MUITO GRANDES E GROSSAS!!! TIRE AS PESTANAS OU COLOQUE MAIS PEQUENAS E DISFARGADAS!!! GRITE MENOS!!!;1
Não posso estar mais de acordo,..;0
Sem palavras para tal acontecimento, sinceramente.;0
Mandas ai rego para meter champanhe para lamber;1
De baixo nível como sempre foi pirosa.;1
Esse gajo devia ser castrado.;1
Ver se tenho mais tempo para beber umas contigo.;0
Todas as cobras passam pela mudança de pele de tempos a tempos.;1
É matar este monstro;1
Mulher vulgar, futil, rancorosa e vingativa ( pelo menos é© que passa para fora e isso € o que importa ) incapaz de cultivar a boa camaradagem entre  colegas, a nao que isso lhe interesse....enfim, a Unica coisa que cresceu foi a sua conta bancaria, pois a maturidade, essa nunca teve nem tera...;1
Não podemos ser extremistas, porque há boas pessoas em todos os cantos do mundo, todavia, faz-me confusão porque razão não vão para outros países muçulmanos? ;0
Hoje em dia, confunde-se, autoridade e justiça com extremismo, com ditadura e sei lá mais o quê!!!;0
A barraca de desporto estava a dar bebidas.;0
Ninguém conhece o Cabrao?;1
Este gajo é um bandido.;1
Mas ainda há outra pergunta: sendo que já não é a primeira vez que a mulher leva na boca, inclusive há queixas na polícia, porque é que volta sempre pra casa?;0
A sua idade não perdoa. ( cresceu mais que o fato de banho). e por favor nao grite tanto no seu programa das manhas da SIC.;1
Que tristeza ver mais uma pessoa que nao tem palavra, nem sabe o que isso é;1
Prostituição sem filtros;1
Porque não se fotografa normalmente? Esse complexo de preterida faz com que se sinta bela boa e sexy.? Como dizem os brasileiros, Oferecida.;1
Infelizmente, um pai ou familiar, vê-se obrigado a arruinar a sua vida cometendo um crime que nada fez por querer. Digo isto porque, eu sendo pai, se a minha filha passasse por isto, eu iria preso até seria morto, mas não antes de acabar com a vida deste animal.;1
Cristina saloia populista quando ficares mais velha tudo isso vai cair e vais ficar mais feia do que quando te quitaste toda.;1
Século XXI, já nada faz sentido!;0
Eleger uma maçã podre para combater outras maçãs podres é de deficiência mental tão grave como aquele violador miserável. Só idiotas é que acreditam em santinhos no poder.;1
Mas o amor é cego e ela vai perdoar e ainda dizer que a culpa é sua.;0
Troca Casacas! Tens sorte que as velhotas te dão audiéncia e também que és engracadinha de cara de resto, s6 mesmo voz esganiçada.. porque contetido;1
Vulgar... plástico .... muita parra pouca uva.;1
Ao chamar camelo a este anormal, está  a maltratar o camelo...;0
A falta de ordem, a falta de disciplina,  a falta de respeito de valores básicos origina a sociedade mediocre que estamos a desenvolver.;0
É meter esse filho da puta na prisão e fazer chegar aos outros reclusos o que ele fez e a justiça será feita.;1
Filho da puta precisa de levar uma grande surra;1
Tem que chupar muita bem chupadinho...;1
Vira casacas vais para um sitio que te escurrassou Sejas muito feliz mas mim perdeste o valor todo.;1
Eu acredito muito no velho ditado. Diz-me com quem andas, dir-te-ei quem és Vivem cá muitos de um pais onde parecem animais com o cio, a cada 15 minutos uma mulher é estrupada. Será que isso não se pega?;0
Que frustração tem?;0
É fazerem lhe o mesmo a ver se ele gosta cobarde.;0
Tens o meu apoio todo mano, os outros andam a enganar o povo e este é que é revistado pela polica judiciária.;0
Entrou pela porta grande da @sicoficial como nunca aconteceu. E sai pela porta dos fundos como nunca aconteceu. Ok, na SIC deram-lhe um programa e na TVI vao- lhe dar uma televisdo. Nao estou a discutir o mérito, que ja sabemos que tem, mas acho deveria ter saido de outra maneira, que nado se parecesse com traigdo. Ou entao nem ter entrado sequer. Mas ai este cargo muito provavelmente nao tinha aparecido, porque ela era sé a co- apresentadora. Business as usual. Boa sorte a Cristina na TVI, porque mais nenhum outro canal a recebe agora. E literalmente a estacdo “dela”.;1
Que pessoas de lixo. Que revolta.Alguém que faça justiça, essas pessoas não merecem estar em liberdade.;1
Sempre com um discurso populista, sabes bem como ter popularidade. Quem te conhece sabe que ha muitas incongruéncias entre aquilo que realmente és e 0 teu discurso (populista) que empregas em tudo © que fazes na televisdo, nao tenho nada contra ti, mas nado gosto de pessoas com dualidades, com duas facetas.;1
Nem quero sequer tentar comentar o que este indivíduo faz .;0
Selvagens isto não é gente pescoço cortado e queimado para acabar com a raça.;1
Grande chulice, ainda vai para o Benfica como massagista e vai ganhar ainda muito mais de que na TVI.;1
Ela fulaninha é uma valente oportunista, devia ganhar vergonha na cara de uma vez, ridícula... E mesmo vulgar, sem nível nenhum;1
E pá disse exatamente a mesma coisa como é possível já nem sei bem o que diga;0
Ainda há quem queira ser amigo deste anormal? Eu tinha vergonha!;0
Sem comentários mesmo.....deve-se achar o máximo;0
Falta-te um marido menina. Uma moga cheio de dinheiro nem homem aranjas por favor. Não fazes sexo desde a criação do teu filhote. Forca nisso.;1
Ainda bem que tiveste o bom senso de partilhar este merdas ...;0
Muita gente sabe quem realmente és, uma macgonica que agora gai controlar ainda mais a Sic e Tvi. A Loja Branca de Lisboa vai pagar bem? ;1
Era partir este gajo ao meio.;1
Só de pensar que tenho uma filha meu Deus.;0
Era apanha-lo e por um ferro em brasa pelo cu acima até chegar à boca;1
Pois Cristina, a ganancia, sé isso, qual casa mae, qual qué, devemos respeitar os compromissos, honra-los , mas ficavamos a saber que nao é melhor que os outros, que sairam ha sucapa, e que na altura ficou muito zangada . o estado de graca, nao dura para sempre. Ja agora, seja solidaria, Dé a mao a quem abandonou tudo para a seguir , não gosto de si.;1
Mais um que gostava de conhecer.;0
Acabem com bairros sociais e deportam estas pessoas!;1
NILTON tenho pena e fico triste com estas situações do dia a dia! Fico ainda mais triste quando vejo que as pessoas canalizam o ódio de tal acto grotesco para lançarem mais odio e comentários grutescos  de seus corações para o mundo a vida não é mar de rosas mas somos nós que agitamos o oceano. Abraço;0
Um brinquedo rosa para dar com as botas... Parece mais uma prostituta e secalhar ou mesmo de certeza absoluta que é. Ya por a caso tem estilo de vaka;1
Ainda tou para perceber porque é que aqui não mostram logo o focinho dos gajos na televisão como em outros países..havia situações em que se poupava tempo e dinheiro aos tribunais..;0
A Cristina está a precisar urgente de um psiquiatra.;1
BD Calada tinha ficado melhor, agora até os homens quer rebaixar , para se vangloriar , até gostava dela quando parecia ser uma pessoa integra;1
Umas chapadas de alguém com o tamanho dele, ele ia gostar e sentir-se homem!;1
Precisa de bater numa mulher para se sentir macho, monte de estrume, um barrote pela boca era um doce, filho da puta!;1
Sempre ouvi dizer. Não podes com eles pela frente apanha-os de costas.Havia de ser comigo só dava a primeira e tinha que ser muito bem dada porque se não aseguir escalava-o ao meio.;1
Claramente dá para ver diferença na educação dos jovens de cima com os de baixo. Muito terrível sim o que aconteceu mas infelizmente depois em todo o lado e todas as feministas começam a generalizar e falar mal de todos os homens, mas isso não é nem perto da verdade, maior parte tem cabeça e sabe o que é correto ou não apenas ha uns que são retardados. É como dizer que todos os americanos são assassinos por andar com armas.;0
Trabalho comunitário, pago pelos portugueses de bem, porque estes animais não sabem viver em sociedade, e ainda por cima, como se não bastasse, a mamar RSI de dia e no gamanço e tráfico de noite. Esta hipocrisia, que esta sim é a verdadeira injustiça, ninguém quer ver. Os apoiantes do bloco de esterco deviam conviver em peso com esta escumalha para perceber algumas coisas destes coitadinhos. Depois ainda faltam em desigualdade de oportunidades: o meu pai e muitos da sua geração aos doze anos estavam a trabalhar. Foi esta a igualdade de oportunidades que eles tiveram.;1
É a chamada prostituta da televisão... vai para o que paga mais esquecendo valores e principios...não vale tudo por poder nem dinheiro...para mim é uma falsa sonsa onde a única coisa boa que tem é ser saloia.;1
É a liberdade do Quero e Posso Ser e Fazer tudo o que me apetece, com a impunidade demonstrada pelo nosso sistema judicial a dar força... e muito mais;0
Eu só queria estar 5 minutos numa sala fechada com esse camelo!;1
A sociedade está perdida e cada vez pior!;0
Paula GED Eticamente e um ser "pequenininho” nao vale nada. não é uma pessoa minimamente confiavel.;1
Se precisarem da morada e nome do amigo para combinar uma visita eu arranjo;0
Crueldade meu Deus,  ao que chegamos.;0
Infelizmente a sociedade está cada vez mais assim porque, simplesmente, cultiva-se uma cultura de impunidade!!!! Há filosofia a mais e desculpas para tudo e mais alguma coisa!!!  Depois querem o quê?!?!;0
Se a nossa justiça tivesse mão pesada para estes bandalhos, talvez isto não acontecesse com esta frequência.;0
Quero o meu Aleixo de volta!! Saudade do meu bairro ;0
Tens a mania que és boa, um dia 0 verniz estala... Histérica, volta para o buraco donde te tiraram... Cobra esganigada.;1
Agora percebo como é dificil arranjares um homem... Ai credo .. és tu Santanas !?;1
O nosso país deveria preocupar-se em definir políticas migratórias mais restritas, e até impedir a maioria da imigração para Portugal de alguns países, nomeadamente muçulmanos. ;0
É sempre para a Europa, e fico triste porque a Europa que conheci está a deixar de existir. Toda a gente tem defeitos, mas quanto a este ponto, o André Ventura e a Marine Le Pen têm toda a razão. Portugal deveria colocar os olhos na Hungria e na Polónia, começarmos a abrir a pestana ou será tarde demais.;0
Como mulher, só posso recomendar que após uma situação destas apresentem queixa, dirigam-se ao hospital e não se calem.;0
Há muita gente, que não gosta de ser responsabilizado pelos seus atos, e muitos destes, ocupam hoje lugares de decisão, por isso isto, está como está.;0
Verdade? ?! Onde estava a verdade com essa cara de sonssa e falsa com cara de umilde e virgem arrependida. ...chega a bosta da SIC com ar de coitadinha e daqui a 3 ou 4 dias ja anda tudo a falar mal dela nos corredores e ela armada em patroa.;1
Gostava de conhecer esse personagem pessoalmente;0
Sinceramente acho que não pode ser preso por não haver testemunhas.;0
Alguém que conheça a moça e a ajude! ;0
Quero acreditar que irá ser preso e por muito tempo, se Deus quiser!!;0
Que grande anormal;1
Traidora;1
Sem palavras. Medo deste mundo em que vivemos. Meu deus;0
Eu continuo a pensar o que leva uma jovem a viver com um animal destes;0
Sempre tesuda esta gatona;1
Outra pergunta: que raio de amigos tem ele que aceitam que ele envie este tipo de vídeos?;0
Tudo farca o que ela gosta mesmo é milhdes de euros ,o dinheiro esta € subir-Ihe a cabeca enquanto outros trabalham de sol € sol e mal recebem para sustentar é familia mas nós é que somos os culpados porque Ihes damos o protagonismo que ela precisa .;1
Coitada, ela não deve ter pai ou irmãos, de certeza;0
É rebentar lhe com a boca toda a esse camelo;1
Era apanhá-lo e por um ferro em brasa pelo cu acima até chegar à boca;1
Esta, se a deixarem, ha-de secar tudo 4 sua volta, tal é o ego dela.;1
A melhor tortura para estes casos seria pegar na mão do camelo e tirar uma fatia numa máquina de cortar fiambre... Todas as semanas repetir o processo quando começasse a cicatrizar... Tenho a certeza que não batia em mais ninguém... Peço desculpa pelos arrepios causados...;1
lamento sua falta ética falta  humildade e respeito por quem quem estendeu a mao a SIC, mas vende se por tao pouco dignidade de uma Pessoa pensava Cristina fosse diferente mas também se vende por cargo dinheiro como politicos sinceras desiludiu me muito fez com Claudio;1
As pessoas só veem odio e violencia e do nada reagem pela pior forma..;0
É só vaidade.;1
TRAFICANTE BOM É TRAFICANTE MORTO;1
Nojo! Que nojo de gente ;1
é um psicopata;1
Estes gajos são mesmo cromos e deveriam ser punidos severamente por isso, assim como os atrasados mentais que aparecem aqui a apoiar o Andre Ventura.;1
Estas inchada;1
E o pau duro no rabo;1
belas mamas querida cristina, mas era preferivel tirares uma foto toda nua, para deixares os homens de pau teso e grosso e ele esgalharem © pessegueiro a pensar em é isso que gostas de fazer, beijos!!!;1
Ainda come pelas próprias mãos esse porco sujo de uma grande puta;1
Até me ferve o sangue só de pensar nisto.;0
Linda sem maquiagem,?por amor de Deus! Fez uma foto sem maquiagem quando se levantou para a revista,e era parecida com uma bruxa.senAo fosse os kilos debase,e pintura,a peixeira so assustava!;1
Esta sujeita dá-me vontade de Vomitar!;1
Eu sei do que um camelo destes precisava, se a miúda fosse da minha família de uma coisa tenho certeza, ele não voltaria a fazer isto a mais ninguém, e mais não digo... ;1
Verdade. Uma estupidez…;0
Cristina Ferreira vai de novo para a TVI.... O caracter é a integridade de uma pessoa cada vez é menos valorizada. O dinheiro a cima de tudol!!! Sim é 0 que se vé na pessoa da Cristina. Foi para a SIC que a recebeu como uma rainha, ainda tem um ano e meio nesta nova entidade patronal e troca tudo. Foi tempo em que havia o respeito por aquas pessoas que nos abrem as portas e mais que 0 trabalho, que é pago e neste caso muito bem, mas a lealdade é 0 reconhecimento para com as pessoas. Como profissional é top mas ha sempre um mas é este tem a ver com a sua falta de caracter. Mas 0 universo se encarrega de a dedtrunar. Recordo o Herman José que na sua carreira de ascencado também teve um compirtamento semelhante e 0 universo acabou por lhe tirar o pedestal que pensava nao ser efémore. Para mim perdeu como pessoa e farei questao de nao ver mais os seu programas. Sou defensor das pessoas co caracter.;1
Isto nem se pode chamar de camelo é mesmo um filho da puta.;1
Vai ter a sua paga, mas a dobrar, covarde;1